<?xml version="1.0" encoding="utf-8"?>
<openerp>
    <data>
        <report auto="False"
                id="account_invoice_facturae_webkit"
                model="ir.attachment.facturae.mx"
                name="account.invoice.facturae.webkit"
                file="l10n_mx_facturae_report/report/invoice_facturae_html.mako"
                string="Factura Electronica Report"
                report_type="webkit"
                attachment_use="1"
                attachment="(object.state in ('signed')) and (object.name and (object.name + ''))"
                menu="False"/>
        
        <record id="property_l10n_mx_facturae_report_webkit" model="ir.property">
            <field name="name">webkit_header</field>
            <field name="fields_id" ref="report_webkit.field_ir_act_report_xml_webkit_header"/>
            <field eval="'ir.header_webkit,'+str(ref('l10n_mx_facturae_report.ir_header_webkit_facturae'))" model="ir.header_webkit" name="value"/>
            <field eval="'ir.actions.report.xml,'+str(ref('l10n_mx_facturae_report.account_invoice_facturae_webkit'))" model="ir.actions.report.xml" name="res_id"/>
        </record>
    </data>
</openerp>
